,Unnamed: 0,Unnamed: 0.1,Name,Link,Race,Profession,Nationality
0,0.0,0.0,Alp,"['Vampire', 'Vampire_language', 'Common_Speech', 'race', 'Northern_Kingdoms', 'Conjunction_of_the_Spheres', 'mula', 'bruxa', 'Silver', 'Higher_Vampire', 'Vampire', 'fear', 'stun', 'Sensitive_to_silver', 'Vampire_Oil', 'Abomination_lymph', 'Naezan_salts', 'Alp_fangs', 'dog', 'Elven_ruins', 'House_of_the_Queen_of_the_Night', 'Swamp_cemetery', 'Murky_Waters', 'Naezan_salts', 'Alp_fangs', 'Zahin_Schmartz', 'House_of_the_Queen_of_the_Night', 'Blue_Eyes', 'Alp_fangs', 'Vampire', 'Toussaint', 'Yrden', 'Vampire_oil', 'Moon_dust', 'Black_Blood', 'Monster_bone', 'Vampire_blood', 'Vampire_saliva', 'Vampire_fang', 'witcher', 'Yrden', 'Black_Blood', 'Aard', 'The_Night_of_Long_Fangs', 'The_Toussaint_Prison_Experiment', 'vampire', 'elf', 'The_Witcher_journal', 'The_Witcher_bestiary', 'Succubus']",Vampire,,Toussaint
1,1.0,1.0,Alpha_Garkain,"['Vampire', 'Garkain', 'Blood_Simple', 'Moon_dust', 'Samum', 'Vampire_oil', 'Black_Blood', 'Monster_ear', 'Monster_brain', 'Vampire_fang', 'Vampire_saliva', 'Vampire_blood', 'Lesser_green_mutagen', 'Garkain_trophy', 'garkain', 'flaminica', 'vampire', 'witcher', 'Blood_Simple', 'Geralt_of_Rivia', 'La_Compassion_Orphanage']",Vampire,,Blood Simple
2,2.0,2.0,Arachnomorph,"['Insectoid', 'Aard', 'Axii', 'Insectoid_oil', 'Chitinous_shell', 'Lesser_blue_mutagen', 'Lesser_green_mutagen', 'Monster_blood', 'Monster_hair', 'Monster_heart', 'Monster_saliva', 'Monster_tooth', 'Venom_extract', 'insectoid', 'Ofier', 'witcher', 'The_Drakenborg_Redemption', 'Yrden', 'Igni', 'Aard', 'Axii', 'Quen', 'Northern_Wind', 'Conjunction_of_the_Spheres', 'Geralt_of_Rivia', 'Runewords']",Insectoid,,
3,3.0,3.0,Archespore,"['fear', 'stun', 'Axii', 'pain', 'poison', 'sensitive_to_silver', 'Archespore_juice', 'spores', 'Igni', 'Swamp', 'Kaer_Morhen_valley', 'The_New_Narakort', 'Basilisk', 'Wyvern', 'Curses_and_the_Cursed', 'Archespore_juice', 'torch', 'Cursed_one', 'Toussaint', 'Cursed_oil', 'Aard', 'Igni', 'Archespore_juice', 'Archespore_tendril', 'Green_mutagen', 'Monster_spore', 'Venom_extract', 'Dancing_Star', 'Igni', 'Aard', 'Golden_Oriole', 'blinding', 'knockdown', 'bleeding', 'The_Witcher_journal', 'The_Witcher_bestiary']",Cursed one,,Toussaint
4,4.0,4.0,Balbina_the_Goose,"['Goose', 'goose', 'Land_of_a_Thousand_Fables', 'notice_board', 'Golden_egg', 'Geralt_of_Rivia']",,,
5,5.0,5.0,Banshee,"['Specter', 'Toussaint', 'Specter_oil', 'Essence_of_wraith', 'Specter_dust', 'Infused_dust', 'Lunar_shards', 'Phantom_of_the_Amphitheater', 'Saovine', 'omen', 'Dun_Dâre', 'Yrden', 'specter_oil', 'Quen', ""A_Knight's_Tales"", 'Ghost', 'Geralt_of_Rivia']",Specter,,Toussaint
6,6.0,6.0,Barghest,"['Specter', 'ghost', 'fear', 'poison', 'stun', 'pain', 'sensitive_to_silver', 'knockdown', 'Fast_Style', 'Group_Style', 'Beast_fangs', 'Ectoplasm', 'Death_Dust', 'Barghest_skull', 'Vizima', 'outskirts', 'Wild_Hunt', 'Outskirts', 'Graveir', 'Ghoul', 'Drowner', 'Lambert', 'Ectoplasm', 'Barghest_skull', 'Beast_fangs', 'Ectoplasm', 'Death_Dust', 'Toussaint', 'Specter', 'Igni', 'Moon_Dust', 'Specter_oil', 'Axii', 'Yrden', 'Barghest_essence', 'Emerald_dust', 'Infused_dust', 'Lesser_blue_mutagen', 'Sapphire_dust', 'Vizima', 'Tretogor', 'Quen', 'Yrden', 'specter_oil', 'La_Cage_au_Fou', 'The_Warble_of_a_Smitten_Knight', 'Hellhound', 'Dog', 'The_Witcher_journal', 'The_Witcher_bestiary', 'Intelligence', 'Geralt_of_Rivia', 'Heavy_weapons', 'The_Witcher_storyline', 'Witcher_fighting_styles', 'Barghests']",Specter,,Toussaint
7,7.0,7.0,Big_Bad_Wolf,"['Land_of_a_Thousand_Fables', ""Devil's_Puffball"", 'Beast_oil', 'Beasts', 'Red_mutagen', 'Land_of_a_Thousand_Fables', 'Artorius_Vigo', 'Nordling', 'Anna_Henrietta', 'Sylvia_Anna', 'Toussaint', 'werewolf', 'beast_oil', 'cursed_oil', 'human', 'Blood_and_Wine_junk', 'Blood_and_Wine_junk', 'Blood_and_Wine_junk', 'Blood_and_Wine_junk', 'cursed_one']",Beasts,,Land of a Thousand Fables
8,8.0,8.0,Billy_Goat,"['Goat', 'goat', 'Land_of_a_Thousand_Fables', 'Little_Flint_Girl']",,,
9,9.0,9.0,Bruxa,"['Vampire', 'Vampire_language', 'telepathy', 'Common_Speech', 'rusalka', 'vampire', 'alp', 'mula', 'Higher_Vampire', 'silver_sword', 'Quen', 'Vereena', 'Nivellen', 'Orianna', 'Queen_of_the_Night', 'Vampire', 'human', 'fear', 'stun', 'Sensitive_to_silver', 'Vampire_oil', 'Abomination_lymph', 'Naezan_salts', 'Bruxa_blood', 'vampire', 'House_of_the_Queen_of_the_Night', 'Swamp_cemetery', 'Old_manor_catacombs', ""Raven's_crypt"", 'Elven_ruins', 'Murky_Waters', 'Queen_of_the_Night', 'Lilly', 'Naezan_salts', 'Bruxa_blood', 'Vampire', 'Poison', 'Bleeding', 'Igni', 'Knockdown', 'Bruxae_teeth', 'Essence_of_death', 'Diamond_dust', 'Amethyst_dust', 'silver_sword', 'fire', 'Alp', 'witcher', 'Quen', 'Bandit_hideout', 'wraith', 'Bruxae_teeth', 'Little_Sisters', 'Iorveth', 'The_Secrets_of_Loc_Muinne', 'Crypt_of_Mages', 'Monsterbook', 'CD_Projekt', 'rusalka', 'A_Night_to_Remember', 'gwent', 'A_Night_to_Remember', 'Vampire', 'The_Bruxa_of_Corvo_Bianco', 'Toussaint', 'Moon_dust', 'Black_Blood', 'Vampire_oil', 'Yrden', 'Moon_Dust', 'vampire_oil', 'Black_Blood', 'Aard', 'Toussaint', 'Moon_Dust', 'Yrden', 'The_Bruxa_of_Corvo_Bianco', 'Common_Speech', 'Vampire_language', 'The_Witcher_journal', 'The_Witcher_bestiary', 'rusalka', 'Emiel_Regis_Rohellec_Terzieff-Godefroy', 'The_Witcher_trophy_quests', 'Geralt_of_Rivia', 'Geralt_of_Rivia', 'The_Witcher_2_silver_swords', 'Conjunction_of_the_Spheres', 'Elf', 'Vernon_Roche', 'Andrzej_Sapkowski', 'Monsters_Gwent_deck', 'Harpy', 'Geralt_of_Rivia', 'Difficulty_level']",Vampire,,Toussaint
10,10.0,10.0,Cloud_Giant,"['Ogroid', 'Land_of_a_Thousand_Fables', ""Cloud_Giant's_castle"", 'Ogroid_oil', 'Igni', 'Dancing_Star', 'Infused_shard', ""Cyclops'_eye"", 'Orens', 'Greater_red_mutagen', 'Fox_Hollow', 'Land_of_a_Thousand_Fables', 'Jack', 'ogroid_oil', 'Igni', 'Dancing_Star', 'Quen', 'Golyat', 'Northern_Wind', 'Balbina_the_Goose', 'Golden_egg']",Ogroid,,Land of a Thousand Fables
11,11.0,11.0,Crow,"['Continent', 'human', 'human', 'Higher_Vampire', 'Skellige', 'Crow_Clan', 'House_of_Ademeyn', 'Clan_Brokvar', 'Regis']",,,
12,12.0,12.0,Daphne's_Wraith,"['Toussaint', 'Specter_oil', 'specter', 'Toussaint', 'magic', 'knight', 'witch_of_Lynx_Crag', ""A_Knight's_Tales"", 'Ghost', 'Geralt_of_Rivia']",Ghost|Specter,,Toussaint
13,13.0,13.0,Dracolizard,"['dragon', 'Crinfrid_Reavers', 'Redania', 'Draconid', 'Dragon_Mountains', 'Barefield', 'Toussaint', 'Grapeshot', 'Draconid_oil', 'Aard', 'Quen', 'Slyzard_Matriarch', 'Slyzard_scale_plate', 'Crinfrid_Reavers', 'Letho_of_Gulet', 'Angren', 'Jarosław_Musiał']",Draconid,,Dragon Mountains
14,14.0,14.0,Fleder,"['vampire', 'human', 'witcher', 'Vampire', 'fear', 'stun', 'Sensitive_to_silver', 'Vampire_Oil', 'Black_Blood', 'Abomination_lymph', 'Wing_membrane', 'Fleder_fang', 'Little_Mahakam', 'Vizima_cemetery', 'town_hall', 'Old_manor_catacombs', 'Trade_Quarter', 'Vizima_sewers', 'Shani', 'Celandine', 'Old_Friend_of_Mine', 'drowned_dead', 'The_Book_of_Fleders', 'Medic_in_Distress', 'The_Fleder_Contract', 'Lambert', 'Shani', 'fleder', 'drowned_dead', 'Trade_Quarter', 'kikimore_warrior', 'kikimore_worker', 'Fleder_fang', 'Vampire', 'Toussaint', 'Protofleder', 'Vampire_oil', 'Black_Blood', 'Lesser_red_mutagen', 'Monster_eye', 'Monster_hair', 'Vampire_blood', 'Toussaint_Ducal_Guard', 'vampire_oil', 'Black_Blood', 'Igni', 'Black_Blood', 'La_Cage_au_Fou', 'The_Night_of_Long_Fangs', 'Monsterbook', 'CD_Projekt', 'bruxa', 'The_Witcher_journal', 'The_Witcher_bestiary', 'Temple_Quarter', 'Witcher_fighting_styles']",Vampire,,Toussaint
15,15.0,15.0,Garkain,"['vampire', 'Vampire', 'fear', 'stun', 'Sensitive_to_silver', 'Vampire_Oil', 'Garkain_saliva', 'Wing_membrane', 'Abomination_lymph', 'Vesper', 'fleder', 'Old_manor_catacombs', 'Swamp_cemetery', 'Murky_Waters', 'Old_Vizima', 'Physiologus', 'Vampire', 'Toussaint', 'Moon_dust', 'Samum', 'Vampire_oil', 'Black_Blood', 'Alpha_Garkain', 'Lan_Exeter', 'City_Watch', 'fleder', 'fiend', 'Olivier_of_Gulet', 'witcher', 'Black_Blood', 'vampire_oil', 'Samum', 'Moon_Dust', 'The_Night_of_Long_Fangs', 'The_Witcher_trophy_quests', 'The_Witcher_journal', 'The_Witcher_bestiary', 'Geralt_of_Rivia', 'Field_hospital', 'Garkain_Saliva']",Vampire,,Toussaint
16,16.0,16.0,Giant,"['Ogroid', 'Ice_Giant', 'Cloud_Giant', 'Cyclops', 'Toussaint', 'Undvik', 'witcher', 'Beauclair_Palace', 'dragon', 'Myrhyff', 'Golyat', 'Cloud_Giant', 'Hräsvelg', 'Redania', 'Yspaden', 'CD_Projekt_RED', 'Cyclops', 'Ogroid']",,,
17,17.0,17.0,Giant_centipede,"['Elder_Speech', 'Duén_Canell', 'Braenn', 'halfling', 'The_Sword_of_Destiny', 'Ciri', 'Insectoid', 'blinding', 'bleeding', 'knockdown', 'stun', 'Sensitive_to_silver', 'Insectoid_Oil', 'Tracheae', 'venom_glands', 'toxin', 'Chitinous_carapace', 'Brokilon', 'dryad', 'Fields', 'The_Wonderful_World_of_Insectoids', 'Chitinous_carapace', 'The_Wonderful_World_of_Insectoids', 'The_Giant_Centipede_Contract', 'Insectoid', 'Toussaint', 'Pale_Widows', 'Giant_centipede_discharge', 'Giant_centipede_mandible', 'Monster_blood', 'Insectoid_oil', 'Yrden', 'Yrden', 'Big_Game_Hunter', 'Viy_of_Maribor', 'Jarosław_Musiał', 'Brokilon', 'Myriapodan', 'Geralt_of_Rivia', 'The_Witcher_journal', 'The_Witcher_bestiary']",Insectoid,,Toussaint
18,18.0,18.0,Golyat,"['Ogroid', 'Dulcinea_Windmill', 'Toussaint', 'Golyat_trophy', 'Dahlia', 'Greater_red_mutagen', 'Ogroid_oil', 'Quen', 'Geralt_of_Rivia', 'Milton_de_Peyrac-Peyran', 'Palmerin_de_Launfal', 'Guillaume_de_Launfal', 'Toussaint', 'knight', 'sheep', 'Mount_Gorgon', 'Northern_Wind', 'The_Beast_of_Toussaint', 'David_and_Golyat', 'How_Luis_Alberni_Became_Golyat', 'bolts']",Ogroid,,Dulcinea Windmill
19,19.0,19.0,Grigg,"['human', 'Yaruga', 'horse', 'Murky_Waters', 'riverbank', 'crypt_in_the_fields', 'santon', 'cat_harness', 'four-leaf_clover', 'priest', 'Old_Erem', 'Danusia_Stok', 'David_French', 'Upper_Posada', 'Land_of_a_Thousand_Fables', 'Small_Problems', 'Mason_Harn', 'Pat', 'The_Ancient_Cemetaur', 'leprechaun', 'potion_bases', 'Geralt_of_Rivia']",,,
20,20.0,20.0,Grottore,"['Relict', 'Toussaint', 'Dimeritium_bomb', 'Relict_oil', 'Igni', 'Magic', 'archespore', 'Grottore_trophy', ""Fen'aeth"", 'Greater_blue_mutagen', 'Leshen_resin', 'Fiber', 'Monster_bone', 'Hardened_timber', 'Spriggan', 'spriggan', 'Mount_Gorgon', 'Beauclair', 'magic', 'Aard', 'silver_sword', 'Igni', 'Feet_as_Cold_as_Ice', 'Knight', 'François_le_Goff', 'Geralt_of_Rivia']",Relict,,Toussaint
21,21.0,21.0,Kikimore,"['insectoid', 'swamp', 'Andrzej_Sapkowski', 'The_Wonderful_World_of_Insectoids', 'Kikimore_queen', 'Kikimore_warrior', 'Kikimore_worker', 'Monsterbook', 'CD_Projekt', 'Kikimore_warrior', 'Kikimore_worker', 'toxicity', 'White_Honey', 'insectoid_oil', 'Igni', 'The_Lesser_Evil', 'Blaviken', ""The_End's_Beginning"", 'The_Witcher_journal', 'Godling', 'Geralt_of_Rivia']",,,
22,22.0,22.0,Kikimore_warrior,"['Insectoid', 'kikimore_worker', 'blinding', 'knockdown', 'Sensitive_to_silver', 'Insectoid_Oil', 'Tracheae', 'Venom_glands', 'Toxin', 'swamp', 'Swamp', 'Vizima_sewers', 'Gold_Rush', 'Trade_Quarter', 'Tracheae', 'Venom_Glands', 'fleder', 'The_Wonderful_World_of_Insectoids', 'Lambert', 'drowner', 'drowned_dead', 'bloedzuiger', 'Insectoid', 'Insectoid_oil', 'White_Honey', 'Igni', 'Kikimore_discharge', 'Chitinous_shell', 'Monster_heart', 'Toussaint', 'Axii', 'Father_Knows_Worst', 'La_Cage_au_Fou', 'Kikimore_worker', 'Kikimore_queen', 'The_Witcher_journal', 'The_Witcher_bestiary', 'University_of_Oxenfurt', 'Kikimore_worker', 'Witcher_fighting_styles', 'Geralt_of_Rivia']",Insectoid,,Toussaint
23,23.0,23.0,Kikimore_worker,"['Insectoid', 'blinding', 'bleeding', 'Sensitive_to_silver', 'Insectoid_Oil', 'kikimore', 'Tracheae', 'Toxin', 'human', 'Dorregaray', 'The_Wonderful_World_of_Insectoids', 'Temple_Quarter', 'Trade_Quarter', 'Swamp', 'Trade_Quarter', 'John_Natalis_Square', ""Triss'_house"", 'kikimore_worker', 'kikimore_claw', 'The_Wonderful_World_of_Insectoids', 'kikimore_claw', 'Lambert', ""Brickmakers'_village"", 'Insectoid', 'Toussaint', 'Axii', 'Insectoid_oil', 'White_Honey', 'Igni', 'Kikimore_discharge', 'Monster_carapace', 'Monster_heart', 'Monster_pincer', 'gwent', 'Beauclair', 'Axii', 'Sign', 'Igni', 'insectoid', 'Father_Knows_Worst', 'La_Cage_au_Fou', 'Kikimore_claw', 'The_Witcher_journal', 'The_Witcher_bestiary', 'Nordling_Pantheon', 'World', 'Geralt_of_Rivia', 'Witcher_fighting_styles']",Insectoid,,Toussaint
24,24.0,24.0,Longlocks,"['Specter', 'Banshee', 'Land_of_a_Thousand_Fables', 'Specter_oil', 'Lunar_shards', 'Infused_dust', 'Specter_dust', 'Essence_of_wraith', 'banshee', 'Land_of_a_Thousand_Fables', 'knight', 'princess', 'duke', 'prince', 'specter_oil', ""Longlocks'_tower"", 'Geralt_of_Rivia']",Specter,,Land of a Thousand Fables
25,25.0,25.0,Moreau's_Golem,"['Elementa', 'Mont_Crane_Castle', 'Dimeritium_bomb', 'Elementa_oil', 'mage', 'golem', 'witcher', 'Tomas_Moreau']",Elementa,,Mont Crane Castle
26,26.0,26.0,Pale_Widow,"['Giant_centipede', 'Insectoid', 'Toussaint', 'Insectoid_oil', 'Yrden', 'Chitinous_shell', 'Giant_centipede_discharge', 'Giant_centipede_mandible', 'Monster_carapace', 'Monster_stomach', 'Red_mutagen', 'Greater_red_mutagen', 'giant_centipede', 'Quen', 'Yrden', 'Insectoid_oil', 'Turn_and_Face_the_Strange']",Insectoid,,Toussaint
27,27.0,27.0,Panther,"['Toussaint', 'Beast_oil', 'Fur_scrap', 'Cured_leather', 'Raw_meat', 'Toussaint', 'Cintra', 'queen', 'necrophage', 'human', 'Sign', 'The_Warble_of_a_Smitten_Knight', 'Wine_is_Sacred', 'Big_Game_Hunter', 'The_Witcher_3_beasts']",The Witcher 3 beasts|Beasts,,Toussaint
28,28.0,28.0,Peacock,"['Toussaint', 'Raw_meat', 'Toussaint', 'Axii', 'Big_Game_Hunter', 'Count_Beledal', 'Blood_and_Wine_junk', 'The_Witcher_3_beasts', 'Geralt_of_Rivia']",The Witcher 3 beasts|Beast,,Toussaint
29,29.0,29.0,Phantom_of_the_Amphitheater,"['Specter', 'Banshee', 'Seidhe_Llygad_Amphitheater', 'Specter_oil', 'Ornate_necklace_with_a_key-shaped_pendant', 'Infused_dust', 'Specter_Dust', 'Essence_of_wraith', 'Lunar_shards', 'banshee', 'specter', 'Perfume-laced_journal', 'Seidhe_Llygad_Amphitheater', 'Dust-covered_journal', 'Elf']",Specter,,Seidhe Llygad Amphitheater
30,30.0,30.0,Pheasant,"['Toussaint', 'Aard', 'Raw_meat', 'Toussaint', 'Axii', 'The_Witcher_3_beasts', 'Geralt_of_Rivia']",The Witcher 3 beasts|Beast,,Toussaint
31,31.0,31.0,Pixies,"['Elementa', 'Land_of_a_Thousand_Fables', 'Elementa_oil', 'elementa', 'Land_of_a_Thousand_Fables', 'Sylvia_Anna', 'Anna_Henrietta']",Elementa,,Land of a Thousand Fables
32,32.0,32.0,Protofleder,"['Vampire', 'Hen_Gàidh', 'Toussaint', 'Vampire_oil', 'Black_Blood', 'Fleder', 'Protofleder_mutagen', 'Monster_blood', 'Monster_brain', 'Monster_eye', 'Monster_heart', 'Vampire_fang', 'Vampire_saliva', 'Continent', 'vampire', 'Hen_Gàidh', 'Geralt_of_Rivia', 'witcher', 'fleder', 'higher_vampire', 'Conjunction_of_the_Spheres', 'Unseen_Elder', 'What_Lies_Unseen', 'Black_Blood', 'vampire_oil', 'Igni', 'Sign', 'Toussaint']",Vampire,,Hen Gàidh
33,33.0,33.0,Scurver,"['Necrophage', 'Toussaint', 'Necrophage_oil', 'rotfiend', 'Beauclair', 'human', 'Quen', 'The_Beast_of_Toussaint', 'La_Cage_au_Fou']",Necrophage,,Toussaint
34,34.0,34.0,Shaelmaar,"['Toussaint', 'Mahakam', 'Relict', 'Samum', 'Relict_oil', 'Aard', 'Shaelmaar_from_the_Emperor_of_Nilfgaard', 'The_Monster_of_Tufo', 'Jean-Christophe_de_Bourbeau', 'human', 'gladiator', 'Toussaint', 'Mahakam', 'Aard', 'Samum', 'relict_oil', 'Samum', 'Axii', 'Gaetan', 'Avid_Collector', 'conserved_shaelmaar_trophy', 'Nilfgaardian_Empire', 'Knight', 'Giant_centipede']",Relict,,Toussaint
35,35.0,35.0,Shaelmaar_from_the_Emperor_of_Nilfgaard,"['Shaelmaar', 'The_Monster_of_Tufo', 'Tourney_Grounds', 'Relict', 'Samum', 'Relict_oil', 'Aard', 'shaelmaar', 'Emhyr_var_Emreis', 'Anna_Henrietta', 'Toussaint', 'Gladiator', 'The_Beast_of_Toussaint', 'Tourney_Grounds', 'Nilfgaardian_Empire', 'Geralt_of_Rivia']",Relict,,Tourney Grounds
36,36.0,36.0,Silver_Basilisk,"['Draconid', 'Toussaint', 'Golden_Oriole', 'Draconid_oil', 'Aard', 'Igni', 'Iocaste', 'basilisk', 'Toussaint', 'human', 'Borhis_di_Salvaress', ""Mutual_of_Beauclair's_Wild_Kingdom""]",Draconid,,Toussaint
37,37.0,37.0,Slyzard_Matriarch,"['Draconid', 'Toussaint', 'Grapeshot', 'Draconid_oil', 'Aard', 'Quen', 'Slyzard_trophy']",Draconid,,Toussaint
38,38.0,38.0,Spotted_wight,"['Necrophage', 'Toussaint', 'Necrophage_oil', 'Igni', 'Yrden', 'Wight_ear', 'Wight_hair', 'Wight_saliva_gland', 'Wight_trophy', 'Fork', 'Disgusting_wight_key', 'witcher', 'human', 'Yrden', 'La_Cage_au_Fou', 'Trastamara_Estate_Ruins', 'Marlene_de_Trastamara']",Necrophage,,Toussaint
39,39.0,39.0,Spriggan,"['dryad', 'human', 'Rangers', 'Danusia_Stok', 'Relict', 'Grottore', 'Leshen', 'Toussaint', 'Dimeritium_bomb', 'Relict_oil', 'Igni', 'Toussaint', 'leshen', 'Igni', 'Quen', 'relict_oil', 'dimeritium_bomb', 'witcher', 'sign', 'Lazare', 'leshy', 'Lazare']",Relict,,Toussaint
40,40.0,40.0,The_Beast_of_Beauclair,"['Beasts', 'Toussaint', 'Vampire_oil', 'Black_Blood', 'Quen', 'Dettlaff_van_der_Eretein', 'Beauclair', 'Vladimir_Crespi', 'Ramon_du_Lac', 'Louis_de_la_Croix', 'Milton_de_Peyrac-Peyran', 'The_Beast_of_Toussaint', 'Blood_Run']",Beasts,,Toussaint
41,41.0,41.0,The_Bruxa_of_Corvo_Bianco,"['Vampire', 'Bruxa', 'Corvo_Bianco', 'Moon_dust', 'Black_Blood', 'Vampire_oil', 'Yrden', 'Monster_eye', 'Monster_heart', 'Vampire_fang', 'Vampire_saliva', 'Vampire_blood', 'Greater_blue_mutagen', 'bruxa', 'Louis_de_la_Croix', 'Corvo_Bianco', 'Corvo_Bianco', 'Beauclair', 'Black_Blood', 'Moon_Dust', 'Vampire_oil', 'Black_Blood', 'Moon_Dust', 'Yrden', 'Aard', 'The_Beast_of_Toussaint', 'Geralt_of_Rivia', 'Dettlaff_van_der_Eretein', 'Silver_sword', 'The_Witcher_3_bombs']",Vampire,,Corvo Bianco
42,42.0,42.0,The_Monster_of_Tufo,"['Relict', 'Tufo', 'Toussaint', 'Samum', 'Relict_oil', 'Aard', 'Shaelmaar_from_the_Emperor_of_Nilfgaard', 'Shaelmaar', 'Shaelmaar_trophy', 'Ami', 'Shaelmaar_dust', 'Shaelmaar_hair', 'Monster_carapace', 'Greater_blue_mutagen', 'shaelmaar', 'knight', 'ghoul', 'dog', 'bear', 'Saint_Plegmund', 'Toussaint_Ducal_Guard', 'kikimore', 'horse', 'monster', 'Tufo', 'Imperator', 'Geralt_of_Rivia']",Relict,,Tufo
43,43.0,43.0,Three_Bears,"['Bear', 'Beast', 'bear', 'Goldilocks', 'Land_of_a_Thousand_Fables', 'Geralt_of_Rivia']",Beast,,
44,44.0,44.0,Three_Little_Pigs,"['Wild_boar', 'Land_of_a_Thousand_Fables', 'Beast_oil', 'Land_of_a_Thousand_Fables', 'Artorius_Vigo', 'Anna_Henrietta', 'Syanna', 'Syanna', 'Aard', 'wild_boar', 'Artorius_Vigo', 'The_Witcher_3_beasts', 'Blood_and_Wine_junk', 'Land_of_a_Thousand_Fables', 'Geralt_of_Rivia']",The Witcher 3 beasts|Beasts,,Land of a Thousand Fables
45,45.0,45.0,Umbra,"['Toussaint', 'Specter_oil', 'Umbra_trophy', 'witcher', 'horse', 'Lebioda', 'Toussaint', 'knight', 'Equine_Phantoms', 'Ghost', 'Ghost', 'Common_graytop_brew', 'Geralt_of_Rivia', 'Pinastri', 'Silver_sword', 'Specter_Oil']",Ghost|Specter,,Toussaint
46,46.0,46.0,Unicorn_(creature),"['Aen_Elle', 'Telepathy', 'race', 'Multiverse', 'horse', 'telepathy', 'Power', 'Destiny', 'Viduka', 'Aen_Elle', 'human', 'Physiologus', 'Ihuarraquax', 'Chironex', 'Andrzej_Sapkowski', 'Watcher', 'Ard_Carraigh', 'Ard_Gaeth', 'Ether']",,,
47,47.0,47.0,Vizima_Dragon,"['Dragon', 'Land_of_a_Thousand_Fables', 'Longlocks', 'Balbina_the_Goose', 'Vizima']",,,
48,48.0,48.0,Wicked_Witch,"['Poisoned_apple', ""Grave_hag's_ear"", 'Relict', 'Land_of_a_Thousand_Fables', 'Relict_oil', 'Land_of_a_Thousand_Fables', 'Ellander', 'Aard', 'relict_oil', 'archespore', 'panther', 'Dimeritium_bomb', 'Water_hag', 'The_Witcher_3_food_and_drink', 'The_Witcher_3_food_and_drink', 'Blood_and_Wine_junk', 'Blood_and_Wine_junk', 'Blood_and_Wine_junk', 'Geralt_of_Rivia']",Relict,,Land of a Thousand Fables
49,49.0,49.0,Wight_(creature),"['monster', 'Saovine', 'Imbolc', 'giant_scorpion', 'frightener', 'scarletia', 'crab_spider', 'Toussaint', 'Necrophage', 'Necrophage_oil', 'Axii', 'Monster_tongue', 'Wight_hair', 'Wight_ear', 'Greater_Triglav_runestone', 'Green_mutagen', 'Spotted_wight', 'The_Warble_of_a_Smitten_Knight']",Necrophage,,Toussaint
50,50.0,50.0,Wolpertinger,"['Raw_meat', 'Land_of_a_Thousand_Fables', 'Land_of_a_Thousand_Fables', 'The_Witcher_3_junk']",,,Land of a Thousand Fables
51,51.0,51.0,Arachnomorph,"['Insectoid', 'Aard', 'Axii', 'Insectoid_oil', 'Chitinous_shell', 'Lesser_blue_mutagen', 'Lesser_green_mutagen', 'Monster_blood', 'Monster_hair', 'Monster_heart', 'Monster_saliva', 'Monster_tooth', 'Venom_extract', 'insectoid', 'Ofier', 'witcher', 'The_Drakenborg_Redemption', 'Yrden', 'Igni', 'Aard', 'Axii', 'Quen', 'Northern_Wind', 'Conjunction_of_the_Spheres', 'Geralt_of_Rivia', 'Runewords']",Insectoid,,
52,52.0,52.0,Babiyetza,"['Horse', ""Dulla_kh'Amanni"", 'horse', ""Dulla_kh'Amanni"", 'Ofir']",,,
53,53.0,53.0,Ethereal,"['Specter', 'von_Everec_Estate', 'Specter_oil', 'Blizzard', 'human', 'The_painted_world', 'Scenes_From_a_Marriage', 'Iris_von_Everec', 'Olgierd_von_Everec', 'Artorius_Vigo', 'Geralt_of_Rivia']",Specter,,von Everec Estate
54,54.0,54.0,The_Caretaker,"['Relict', 'von_Everec_Estate', 'Relict_oil', 'Quen', ""The_Caretaker's_spade"", 'relict', 'Iris_von_Everec', 'Scenes_From_a_Marriage', 'Von_Everec_Estate', 'Quen', 'Doppler_decoction', 'Scenes_From_a_Marriage', 'The_Witcher_3_bestiary', 'Olgierd_von_Everec', 'Geralt_of_Rivia', ""The_Caretaker's_spade""]",Relict,,von Everec Estate
55,55.0,55.0,The_Toad_Prince,"['Cursed_one', 'Oxenfurt_sewers', 'Northern_Wind', 'Golden_Oriole', 'Cursed_oil', 'Yrden', 'Oxenfurt_sewers', 'Prince', 'Sirvat', 'Ofir', 'Olgierd_von_Everec', 'Oxenfurt', 'Shani', ""Evil's_Soft_First_Touches"", 'Iris_von_Everec', 'Geralt_of_Rivia', 'Royal_Redanian_Army']",Cursed one,,Oxenfurt sewers
56,56.0,56.0,The_Wraith_from_the_Painting,"['Specter', 'Specter_oil', 'Yrden', 'Von_Everec_Estate', 'Iris_von_Everec', 'wraith', 'Scenes_From_a_Marriage', 'Von_Everec_Estate', 'Geralt_of_Rivia']",Specter,,Von Everec Estate
57,57.0,57.0,Wild_boar,"['Elder_Speech', 'Skellige', 'Nordling', 'human', 'witcher', 'crown', 'hunter', 'pig', 'Beasts', 'Gustfields', 'Toussaint', 'Northern_Wind', 'Beast_oil', 'Igni', 'Yrden', 'Boar_tusk', 'Boar_pelt', 'Raw_meat', 'Three_Little_Pigs', 'Kaedwen', 'Gustfields', 'Velen', 'Novigrad', 'Toussaint', 'Yrden', 'Igni', 'Northern_Wind', 'Redanian_Free_Company', 'Continent', 'Crach_an_Craite', 'Great_Sea', 'Northern_Kingdoms', 'Geralt_of_Rivia', 'House_of_Everec', 'Olgierd_von_Everec', 'Nilfgaardian_Empire', 'Nilfgaardian_Army', 'Kaer_Trolde_Harbor', 'Hemdall_ship', 'Kambi_ship', 'Conjunction_of_the_Spheres']",Beasts,,Gustfields
58,58.0,58.0,Aamad,"['Human', 'Mage', ""Aamad's_squad"", 'Magic', 'mage', 'Ofier', 'malliq', 'Oxenfurt', 'Northern_Kingdoms', 'Verner', 'Aedirn', 'Phelippe_Calagrande', 'witcher', 'Novigrad', ""Evil's_Soft_First_Touches"", ""Aamad's_squad"", 'The_Toad_Prince', 'Geralt_of_Rivia', 'Albatross']",Human,Mage,Ofiri
59,59.0,59.0,Abner_de_Navarette,"['Human', 'Borsodi_family', 'Saul_de_Navarette', ""Borsodi_Brothers'_Auction_House"", 'Novigrad', 'Borsody_family', 'Horst_Borsodi', 'Borsody_Auction_House', 'Maximilian_Borsodi']",Human,,Redanian
60,60.0,60.0,Adela_(Wild_One),"['The_Hexer', 'Human', 'Redanian_Free_Company', 'Redanian_Free_Company', ""Evil's_Soft_First_Touches"", 'Rose_on_a_Red_Field', 'Geralt_of_Rivia', 'Olgierd_von_Everec']",Human,,
61,61.0,61.0,Aldona_Lamch,"['Human', 'Johnnus_de_Bogar', 'Wedding_invitation', 'Brunwich', 'Oxenfurt_Academy', 'Shani', 'Johnnus_de_Bogar', ""Dead_Man's_Party"", 'Geralt_of_Rivia']",Human,,Redanian
62,62.0,62.0,Alexy_von_Everec,"['Human', 'House_of_Everec', 'Vlodimir_von_Everec', 'witcher', 'Olgierd_von_Everec', 'House_of_Everec', 'Geralt_of_Rivia']",Human,,Redanian
63,63.0,63.0,Annar,"['Human', ""Aamad's_crew"", 'Ofir', 'mage', 'Aamad', 'Oxenfurt', 'witcher', 'Phelippe_Calagrande', 'Novigrad', ""Evil's_Soft_First_Touches"", 'The_Toad_Prince', 'Geralt_of_Rivia']",Human,,Ofiri
64,64.0,64.0,Anselm_(Fallen_Knight),"['Human', 'Fisstech', 'Fallen_Knight', 'Fallen_Knight', 'fisstech', 'Novigrad', 'Ulrich', 'Whoreson_Junior', 'drowner', 'Rusted_key', 'Letter_written_in_blood']",Human,Fisstech,
65,65.0,65.0,Antoine_Pfeil,"['Human', 'Fallen_Knight', 'Fallen_Knight', 'Kilkerinn_Ruins', 'Ulrich', ""From_Ofier's_Distant_Shores"", 'Elf']",Human,,
66,66.0,66.0,Bruno_(soldier),"['Velen', 'Human', 'Royal_Redanian_Army', 'Radovid_V', 'Redania', 'Radovid_V', 'Oxenfurt', 'Oxenfurt_Academy']",Human,,Redanian
67,67.0,67.0,Casimir_Bassi,"['Dwarf', 'Alness', 'witcher', 'Oxenfurt', 'Mahakam', 'Geralt_of_Rivia', 'Ewald_Borsodi']",Dwarf,,Mahakaman
68,68.0,68.0,David_Artensborrow,"['Human', 'Novigrad', 'Aldona_Lamch', 'dog', 'witcher', ""Dead_Man's_Party"", 'Johnnus_de_Bogar', 'Geralt_of_Rivia']",Human,,
69,69.0,69.0,Dulla_kh'Amanni,"['Human', 'Aamad', 'Ofier', 'Oxenfurt', 'Upper_Mill', 'Runewright', 'Northern_Kingdoms', 'Redania', 'Babiyetza', 'Fallen_Knight', 'Order_of_the_Flaming_Rose', ""From_Ofier's_Distant_Shores"", 'The_Witcher_3_merchants', 'Letter_from_an_Ofieri_merchant', 'The_Witcher_3_merchants']",Human,The Witcher 3 merchants|Merchant,Ofiri
70,70.0,70.0,Eric_von_Kidon,"['Human', 'Fallen_Knight', 'Fallen_Knight', 'commander', 'Mohrin_Village', ""From_Ofier's_Distant_Shores"", 'Nilfgaardian_Empire']",Human,,Redanian
71,71.0,71.0,Ernest_von_Everec,"['Human', 'House_of_Everec', 'witcher', 'House_of_Everec', 'Geralt_of_Rivia', 'Vlodimir_von_Everec', 'Olgierd_von_Everec', 'Kestatis_von_Everec']",Human,,Redanian
72,72.0,72.0,Ernst_Goltz,"['Human', 'Order_of_the_Flaming_Rose', 'Fallen_Knight', 'Fallen_Knight', 'Zuetzer_Castle', ""From_Ofier's_Distant_Shores""]",Human,,
73,73.0,73.0,Eulalia_von_Everec,"['Human', 'House_of_Everec', 'witcher', 'House_of_Everec', 'Geralt_of_Rivia', 'Vlodimir_von_Everec', 'Olgierd_von_Everec', 'Honoratina_von_Everec']",Human,,Redanian
74,74.0,74.0,Eveline_Gallo,"['Elf', 'Aen_Seidhe', 'witcher', 'Redania', 'Radovid_V', 'Elf', 'Geralt_of_Rivia', 'Northern_Kingdoms', 'Borsody_Auction_House']",Elf,,
75,75.0,75.0,Ewald_Borsodi,"['Human', 'Borsodi_family', 'Maximilian_Borsodi', 'Horst_Borsodi', 'Stranger', 'Maximilian_Borsodi', 'Horst_Borsodi', ""Borsodi_Brothers'_Auction_House"", 'Redanian_Free_Company', ""Herbalist's_Hut"", 'Oxenfurt', 'witcher', 'Geralt_of_Rivia', 'Eveline_Gallo', 'Casimir_Bassi', 'Quinto', 'Borsodi_family']",Human,,Redanian
76,76.0,76.0,Fette_de'Amin,"['Human', 'Fallen_Knight', 'Fallen_Knight', 'Redania', 'Ulrich', 'fisstech', 'Tuur', ""From_Ofier's_Distant_Shores"", 'Boots_diagram_-_untranslated']",Human,,
77,77.0,77.0,Folkert,"['Halfling', 'Otto_Bamber', 'halfling', 'Otto_Bamber', 'Deadwight_Wood', 'han_fiber', 'Erde', 'Without_a_Trace']",Halfling,,
78,78.0,78.0,Gaunter_O'Dimm,"['Magic', 'White_Orchard', 'witcher', 'Dandelion', 'Nilfgaardian_Garrison', 'Ofier', 'Yantra', 'Maximilian_Borsodi', 'Premethine_Shakeslock', 'the_Alchemy', 'demon', 'djinn', 'Temple_of_Lilvani', 'Shani', 'Oxenfurt_Academy', 'witcher', 'Isle_of_Mists', 'Lilac_and_Gooseberries', ""Evil's_Soft_First_Touches"", ""Dead_Man's_Party"", 'Scenes_From_a_Marriage', 'Geralt_of_Rivia', 'CD_Projekt_RED', ""Evil's_Soft_First_Touches"", 'Marlene_de_Trastamara', 'majordomo', 'Rivia', 'Through_the_Fourth_Wall', 'Geralt_of_Rivia', 'Northern_War_III', 'White_Orchard_inn', 'Nilfgaardian_lemon', 'Albatross', 'The_Toad_Prince', 'Olgierd_von_Everec', 'Vlodimir_von_Everec', 'Iris_von_Everec', 'Premethine_Shakeslock', 'Northern_Kingdoms', 'Spotted_Wight', 'Decaying_letter', 'Albatross', 'Pact']",,,
79,79.0,79.0,Geralt_of_Rivia,"['Butcher_of_Blaviken', 'Ravix_of_Fourhorn', 'comics', 'The_Hexer', 'Human', 'Witcher', 'Knight', 'Meve', 'Witcher', 'Wolf_School', 'Alchemy', 'Signs', 'Visenna', 'Korin', 'The_Witcher_3', 'Triss_Merigold', 'Ciri', 'Doug_Cockle', 'Jacek_Rozenek', 'Henry_Cavill', 'Michał_Żebrowski', 'witcher', 'School_of_the_Wolf', 'sorceress', 'Ciri', 'Trial_of_the_Grasses', 'mutagens', 'stamina', 'Visenna', 'Kaer_Morhen', 'Kaedwen', 'Vesemir', 'Queen', 'Meve', 'Lyria', 'Battle_for_the_Bridge_on_the_Yaruga', 'knight', 'Visenna', 'Korin', 'School_of_the_Wolf', 'Kaer_Morhen', 'Witcher', 'Vesemir', 'Eskel', 'Gweld', 'Eskel', 'Trial_of_Forest_Eyes', 'elf', 'Aideen', 'non-human', 'vran', 'King', 'Radowit_II', 'druid', 'Hertch', 'Nenneke', 'horse', 'Roach', 'continent', 'amphisbaena', 'Idi', 'Kovir', 'mage', 'Zavist', 'Stregobor', 'Blaviken', 'Caldemeyn', 'kikimore', 'Irion', 'Renfri', 'The_Golden_Court', 'Fifteen', 'Audoen', 'Arcsea', 'princess', 'Tridam_ultimatum', 'crystal_ball', 'Caingorn', 'Prince', 'Merwin_Ademeyn', 'Sabrina_Glevissig', 'dwarf', 'Merton_Bringgs', 'Deidre_Ademeyn', 'Council_of_Mages', 'Henselt', 'Lambert', 'portal', 'magic', 'Gulet', 'Dandelion', 'Dol_Blathanna', 'Upper_Posada', 'Nettly', 'Dhun', 'Lower_Posada', 'Torque', 'hemp', 'sylvan', 'Lille', 'Galarr', 'Blue_Mountains', 'Toruviel', 'Filavandrel_aén_Fidháil', 'Dana_Meadbh', 'djinn', 'Rinde', 'Chireadan', 'Errdil', 'Vratimir', 'Yennefer_of_Vengerberg', 'Heribert', 'Redania', 'Novigrad', 'Beau_Berrant', 'Cerberus', 'Heliotrop', 'Laurelnose', 'Krepp', 'Neville', 'Vengerberg', 'Aedirn', 'Vizima', 'The_Fox', 'Axii', 'Velerad', 'Foltest', 'Temeria', 'Adda_the_White', 'striga', 'oren', 'Ostrit', 'Segelin', 'Adda_of_Temeria', 'Sancia_of_Sodden', 'Yrden', 'Ellander', 'Iola', 'Nenneke', 'Falwick', 'Arthur_Tailles', 'Order_of_the_White_Rose', 'Hereward', 'grotto', 'Dennis_Cranmer', 'Aedd_Gynvael', 'Narok', 'zeugl', 'Istredd', 'Ciri', 'Ciri', 'Lambert', 'Coën', 'Triss_Merigold', 'White_Seagull', 'Battle_of_Sodden_Hill', 'Kaedwen', 'Gwenllech', 'Buina', 'Ard_Carraigh', ""Scoia'tael"", 'Unist', 'knight', 'Yarpen_Zigrin', 'Lixela', 'Vilfrid_Wenck', 'Dun_Banner', 'Zyvik', ""Scoia'tael"", 'Shaerrawedd', 'Aelirenn', 'Yannick_Brass', 'Paulie_Dahlberg', 'Henselt', 'Malatius_and_Grock_Company', 'Pontar_Delta', 'Foam', 'Novigrad', 'Rience', 'Everett', 'Linus_Pitt', 'Oxenfurt_Academy', 'Olsen', 'aeschna', 'Rience', 'Wolfgang_Amadeus_Goatbeard', 'Shani', 'Sigismund_Dijkstra', 'Philippa_Eilhart', 'Vizimir_II', 'Council_of_Wizards', 'Myhrman', 'Michelet_brothers', 'portal', 'fogler', 'Carreras', 'werewolf', 'Burdorff', 'manticore', 'crown', 'Dorian', 'Codringher_and_Fenn', 'Codringher', 'Jacob_Fenn', 'Anchor', 'Aplegatt', 'Ralf_Blunden', 'Little_Yaxa', 'Heimo_Kantor', 'Little_Marsh', 'Hirundum', 'Hofmeier_family', 'Thanedd_Island', 'Loxia', 'Aretuza', 'Sabrina_Glevissig', 'Keira_Metz', 'Dorregaray', 'Marti_Södergren', 'Vilgefortz', 'Lydia_van_Bredevoort', 'Gallery_of_Glory', 'Brokilon', 'Toussaint', 'Stygga_Castle', 'Ciri', 'The_Rivian_Pogrom', 'Willoughby', 'White_Orchard', 'Emhyr_var_Emreis', 'Hendrik', 'Inn_at_the_Crossroads', 'Velen', 'Heatherton', 'Midcopse', ""Crow's_Perch"", 'Keira_Metz', 'Byways', 'Nithral', 'Eternal_Fire', 'Blackbough', 'botchling', 'Voytek', 'Oxenfurt', 'Gran', 'Johnny', 'godling', 'Downwarren', 'Ancient_Oak', 'The_Ghost_in_the_Tree', 'crones', 'Novigrad', 'Master_van_Schagen', 'Van_Schagen_residence', 'Celia_van_Schagen', 'Oxenfurt', 'Ofir', 'Malliq', 'Nibras', 'Sirvat', 'Radeyah', 'Zaira', 'Maraal', 'Dayo', 'Falak', 'sewant_mushrooms', 'Aamad', ""Archeus'_salt"", 'Nemet', 'crow', 'Fathaa', 'Zoltan_Chivay', 'Triss_Merigold', ""Scoia'tael"", 'Half_a_Century_of_Poetry', 'Nimue_verch_Wledyr_ap_Gwyn', 'Condwiramurs_Tilly', 'Abigail', 'pogrom', 'nonhuman', 'Witcher_saga', 'Savolla', 'frightener', 'Leo', 'Salamandra', 'Catriona_plague', 'outskirts', 'Alvin', ""Ithlinne's_Prophecy"", 'Source', 'Shani', 'Oxenfurt', 'Kalkstein', 'Declan_Leuvaarden', 'The_Beast', 'Mikul', 'Haren_Brogg', 'echinops', 'ghoul', 'drowner', 'Abigail', 'The_Rivian_Pogrom', 'Rivia', 'Order_of_the_Flaming_Rose', 'Velen', 'Man_of_Glass', 'Olgierd_von_Everec', 'Toussaint', 'The_Price_of_Neutrality', 'Mousesack', 'Andrzej_Sapkowski', ""CD_Projekt's_The_Witcher_franchise"", 'The_Voice_of_Reason', 'Yennefer_of_Vengerberg', 'Yennefer_of_Vengerberg', 'Witcher_Trials', 'School_of_the_Cat', 'Witcher_Tournament', ""Irion's_tower"", ""Renfri's_band"", 'Creyden', 'Black_Sun', 'Camp_near_Kaer_Morhen', 'Law_of_Surprise', 'Physiologus', 'Chaos', 'City_Guard', ""Striga's_crypt"", 'The_Path', 'The_History_of_the_World', 'The_Sturgeon', ""Yarpen_Zigrin's_company"", 'polymorphy', 'Oxenfurt_Harbor', 'Bernie_Hofmeier', 'Thanedd_coup', 'Yennefer_of_Vengerberg', ""Yennefer's_letter"", 'White_Orchard_inn', ""Hendrik's_notes"", 'Phillip_Strenger', 'Aen_Saevherne', 'Crones', 'Anna_Strenger', 'Tamara_Strenger', 'botchling_blood', ""Voytek's_hut"", 'sealed_bottle', ""Ealdorman_of_Downwarren's_ear"", 'Northern_Kingdoms', 'Nilfgaardian_Empire', 'Barghest', 'Crypt_in_the_outskirts', 'Havekar', 'Salamandra_hideout_in_the_outskirts']",Human,Witcher,
80,80.0,80.0,Hans_of_Cidaris,"['Human', 'Mercenary', 'mercenary', 'Redania', 'Temeria', 'Oxenfurt', 'archgriffin', 'Opinicus', 'Quinto', ""Scoia'tael_Gwent_deck"", 'Hagge', 'Dillingen', 'Battle_of_Brenna', 'Geralt_of_Rivia', 'Mercenary_contract']",Human,Mercenary,Cidarian
81,81.0,81.0,Herbalist_(Heddel),"['Herbalist', 'Human', 'Heddel', 'arachnomorph']",Human,Herbalist,Redanian
82,82.0,82.0,Herodore,"['Human', 'Redanian_Free_Company', 'Garin_Estate', ""Evil's_Soft_First_Touches"", 'Olgierd_von_Everec', 'Geralt_of_Rivia']",Human,,
83,83.0,83.0,Honoratina_von_Everec,"['Human', 'House_of_Everec', 'witcher', 'Kestatis_von_Everec', 'Olgierd_von_Everec', 'Vlodimir_von_Everec', 'House_of_Everec', 'Kestatis_von_Everec', 'Geralt_of_Rivia', 'Vlodimir_von_Everec', 'Olgierd_von_Everec', 'Eulalia_von_Everec']",Human,,Redanian
84,84.0,84.0,Horst_Borsodi,"['Human', 'Borsodi_family', 'Maximilian_Borsodi', 'Ewald_Borsodi', 'Maximilian_Borsodi', 'Ewald_Borsodi', 'Borsody_Auction_House', 'Borsodi_family', 'Radovid_V', 'Tretogor', 'Novigrad', ""Gaunter_O'Dimm"", 'Von_Everec_Estate', 'witcher', 'Geralt_of_Rivia', 'Vimme_Vivaldi', ""Maximilian_Borsodi's_brother"", 'Royal_Redanian_Army', 'House_of_Everec']",Human,,Redanian
85,85.0,85.0,Hugo_Hoff,"['Halfling', 'Eveline_Gallo', 'halfling', 'Oxenfurt', 'Geralt_of_Rivia', ""Borsodi_Brothers'_Auction_House""]",Halfling,,
86,86.0,86.0,Iris_von_Everec,"['van_Rogh', 'Human', 'House_of_Everec', 'Olgierd_von_Everec', 'von_Everecs', 'prince', 'Sirvat', ""Gaunter_O'Dimm"", 'the_Caretaker', 'violet_rose', 'witcher', 'Scenes_From_a_Marriage', ""Iris_von_Everec's_father"", ""Iris_von_Everec's_mother"", 'Olgierd_von_Everec', 'van_Rogh', 'Von_Everec_Estate', 'Ofir', 'The_Toad_Prince', 'Redanian_Free_Company', 'The_Black_Cat_and_Dog', 'Geralt_of_Rivia', ""Iris_von_Everec's_remains"", 'The_Painted_World', 'Painting_of_Iris_holding_a_violet_rose']",Human,,Redanian
87,87.0,87.0,Iris_von_Everec's_father,"['Human', 'Iris_von_Everec', 'Olgierd_von_Everec', 'Marriage_contract', 'Redania', 'Oxenfurt', 'Sirvat', 'Scenes_From_a_Marriage', ""Iris_von_Everec's_mother"", ""Iris_von_Everec's_mother"", 'Iris_von_Everec', 'Olgierd_von_Everec', 'Ofir']",Human,,Redanian
88,88.0,88.0,Iris_von_Everec's_mother,"['Human', 'Iris_von_Everec', 'Marriage_contract', 'Redania', 'Iris', 'Oxenfurt', 'Sirvat', 'Scenes_From_a_Marriage', ""Iris_von_Everec's_father"", 'Redanian_Free_Company', ""Iris_von_Everec's_father"", 'Olgierd_von_Everec', 'Ofir']",Human,,Redanian
89,89.0,89.0,Johnnus_de_Bogar,"['Human', 'Aldona_Lamch', 'Aldona_Lamch', 'Shani', 'Vlodimir_von_Everec', ""Dead_Man's_Party"", 'Geralt_of_Rivia']",Human,,Redanian
90,90.0,90.0,Kestatis_von_Everec,"['Human', 'House_of_Everec', 'Field_Hetman_of_the_Crown', 'witcher', 'Honoratina_von_Everec', 'Olgierd_von_Everec', 'Vlodimir_von_Everec', 'House_of_Everec', 'Honoratina_von_Everec', 'Geralt_of_Rivia', 'Vlodimir_von_Everec', 'Olgierd_von_Everec', 'Ernest_von_Everec']",Human,,Redanian
91,91.0,91.0,Kleiner,"['Human', 'Soldier', 'Private', 'Royal_Redanian_Army', ""Borsodi_Brothers'_Auction_House"", 'private', 'Royal_Redanian_Army', 'Lance_corporal', 'Vatslav', ""Borsodi_Brothers'_Auction_House""]",Human,Soldier,Redanian
92,92.0,92.0,Lewie,"['Human', 'Fallen_Knight', 'language', 'priest', 'Grandmaster', 'Ulrich', 'Robbe', ""From_Ofier's_Distant_Shores"", 'Fallen_Knight', 'Ofir']",Human,,
93,93.0,93.0,Lieutenant_von_Herst,"['Human', 'Lieutenant', 'Fallen_Knight', 'Fallen_Knight', 'Novigrad', 'Zuetzer_Castle']",Human,,
94,94.0,94.0,Maarten,"['Human', ""Borsodi_Brothers'_Auction_House"", 'Oxenfurt', 'Western_Gate', 'Axii', 'crown', 'cleansing_mixture', 'Oxenfurt_Morgue', ""Borsodi_Brothers'_Auction_House""]",Human,,Redanian
95,95.0,95.0,Marcus_T.K._Hodgson,"['Human', 'Books_and_Scrolls', 'Novigrad', 'Hierarch_Square', 'van_Rogh', 'gwent', 'Jacques_de_Aldersberg', 'witcher', 'Gaetan', 'Message_from_an_Old_Friend', 'Avid_Collector', 'The_Witcher_3_merchants', 'My_Manifesto_-_The_Life_of_Jacques_de_Aldersberg', 'Geralt_of_Rivia', 'Conserved_shaelmaar_trophy', 'Starry_Night_Over_the_Pontar']",Human,,Redanian
96,96.0,96.0,Merchant_(circus_troupe),"['Elf', 'Aen_Seidhe', 'The_Witcher_3_merchants', 'Gwent_players', ""Scoia'tael_Gwent_deck""]",Elf,The Witcher 3 merchants|Merchant,
97,97.0,97.0,Merchant_(Crane_Cape),"['Human', 'Crane_Cape', 'drowner', 'water_hag', 'The_Witcher_3_merchants']",,,Redanian
98,98.0,98.0,Merchant_(Mohrin_Village),"['Human', 'Mohrin_Village', 'Fallen_Knight', 'The_Witcher_3_merchants']",,,Redanian
99,99.0,99.0,Merchant_(Stacheier),"['Human', 'Stacheier', 'ghoul', 'The_Witcher_3_merchants']",,,Redanian
100,100.0,100.0,Meryn,"['Elf', 'Aen_Seidhe', ""Scoia'tael"", 'Carsten', 'Novigrad', 'Eveline_Gallo', ""Scoia'tael""]",Elf,,
101,101.0,101.0,Mignole,"['Countess', 'Vedyminaica', 'Vesemir', 'Human', 'Vimme_Vivaldi', 'Vedyminaica', 'witcher', 'Vesemir', 'Oxenfurt', 'countess', 'The_Battle_of_Kaer_Morhen']",Human,Vedyminaica,Redanian
102,102.0,102.0,Norbert,"['Human', 'Royal_Redanian_Army', 'Redania', 'Royal_Redanian_Army', 'King', 'Radovid_V', 'Oxenfurt_Academy', 'Shani']",Human,,Redanian
103,103.0,103.0,Olgierd_von_Everec,"['Goetia', 'House_of_Everec', 'Human', 'Ataman', 'Redanian_Free_Company', 'Bohumil_von_Everec', 'Redania', 'ataman', 'Redanian_Free_Company', 'Velen', 'Temeria', 'Horst_Borsodi', 'Ofier', 'prince', 'Sirvat', ""Gaunter_O'Dimm"", 'Goetia', 'violet_rose', 'Shani', 'Aamad', 'Garin_Estate', 'Maximilian_Borsodi', 'Borsodi_family', 'the_Caretaker', 'Premethine_Shakeslock', 'Oxenfurt_Academy', 'Temple_of_Lilvani', ""Gaunter_O'Dimm"", 'demon', 'The_Black_Cat_and_Dog', ""Evil's_Soft_First_Touches"", ""Dead_Man's_Party"", 'Scenes_From_a_Marriage', 'Iris_von_Everec', 'Bohumil_von_Everec', 'Kristina_von_Everec', 'Vlodimir_von_Everec', 'Kestatis_von_Everec', 'Honoratina_von_Everec', 'Kristina_von_Everec', 'Vlodimir_von_Everec', 'Iris_von_Everec', 'House_of_Everec', 'Von_Everec_Estate', 'The_Toad_Prince', ""Iris_von_Everec's_father"", 'The_Black_Cat_and_Dog', 'The_Caretaker', 'Yennefer_of_Vengerberg', 'the_Wraith_from_the_Painting', 'Vlodimir_von_Everec']",Human,,Redanian
104,104.0,104.0,Otto_Bamber,"['Halfling', 'Herbalist', 'halfling', 'herbalist', 'Oxenfurt', 'Gremist', 'Ewald_Borsodi', ""Borsodi_Brothers'_Auction_House"", 'Fallen_Knight', 'Geralt_of_Rivia', 'Folkert', 'Deadwight_Wood', 'han_fiber', 'Brunwich', 'notice_board', 'Erde', 'gwent', 'Practicum_in_Advanced_Alchemy', 'Skellige', ""Herbalist's_Hut"", ""Scoia'tael_Gwent_deck""]",Halfling,Herbalist,Redanian
105,105.0,105.0,Phelippe_Calagrande,"['Human', 'Fence', ""Aamad's_crew"", 'Oxenfurt', 'The_Alchemy', 'Ofier', 'mage', 'Aamad', 'witcher', 'Albatross', ""Evil's_Soft_First_Touches"", 'Ofiri_tongue', 'Oxenfurt_sewers', ""Aamad's_crew"", 'The_Toad_Prince', 'Geralt_of_Rivia', ""Gaunter_O'Dimm""]",Human,,Redanian
106,106.0,106.0,Philibert_Topical,"['Herbalist', 'Human', 'Fallen_Knight', 'Order_of_the_Flaming_Rose', 'Draken_Hollow', 'Person_in_Distress', ""Master_Topical's_hut""]",Human,Herbalist,Redanian
107,107.0,107.0,Premethine_Shakeslock,"['Oxenfurt_Academy', 'Human', 'Oxenfurt_Academy', 'magic']",Human,,Redanian
108,108.0,108.0,Quinto,"['Human', 'Northern_Kingdoms', 'Kaedwen', 'Lyria', 'Angren', 'Kovir', 'Hans_of_Cidaris', 'Oxenfurt', 'Geralt_of_Rivia', 'Borsody_Auction_House', 'Oxenfurt', 'Yaruga', 'Melitele', 'Henselt', 'Geralt_of_Rivia']",Human,,
109,109.0,109.0,Robbe,"['Human', 'Fallen_Knight', 'Ulrich', ""From_Ofier's_Distant_Shores"", 'Fallen_Knight', 'Armor_diagram_-_untranslated']",Human,,
110,110.0,110.0,Robert_Hilbert,"['Human', 'Gwent', 'Vimme_Vivaldi', 'gwent', 'Borsody_Auction_House', 'Oxenfurt', 'Geralt_of_Rivia', 'Skellige_Gwent_deck']",Human,Gwent,Redanian
111,111.0,111.0,Runewright,"['Human', 'Ofier', 'Upper_Mill', ""Dulla_kh'Amanni"", 'Northern_Kingdoms', 'Babiyetza', 'enchanting']",Human,,Ofiri
112,112.0,112.0,Shani,"['Oxenfurt_Academy', ""Shani's_Clinic"", 'Human', 'Philippa_Eilhart', 'Oxenfurt_Academy', 'Battle_of_Brenna', 'Dandelion', 'Sigismund_Dijkstra', 'witcher', 'Rience', 'Philippa_Eilhart', 'Myhrman', 'Michelet_brothers', 'Battle_of_Brenna', 'Vizima', 'Oxenfurt', 'Redania', 'Ofir', 'prince', 'Von_Everec_family_crypt', 'censer', 'Premethine_Shakeslock', 'Kaedwen', 'Outskirts', 'Vizima', 'Alvin', 'Abigail', 'Temple_Quarter', 'Grandma', 'Old_Friend_of_Mine', 'Triss_Merigold', 'Anatomy_of_a_Crime', 'Frozen_Reflections', 'Memory_of_a_Blade', 'Of_Monsters_and_Men', 'Old_Friend_of_Mine', ""The_Salamander's_Tail"", 'The_Source', 'Sweet_Revenge', 'What_Lies_Beneath', 'Triss', 'King', ""Evil's_Soft_First_Touches"", ""Dead_Man's_Party"", 'A_Midnight_Clear', 'field_hospital', ""Druids'_cave"", 'Carnal_Sins', 'Joachim_von_Gratz', 'gwent', 'Outskirts_Inn', 'Geralt_of_Rivia', 'Oxenfurt_Academy_faculties', 'Geralt_of_Rivia', ""Shani's_Clinic"", 'Royal_Redanian_Army', 'Oxenfurt_sewers', 'The_Toad_Prince', 'Olgierd_von_Everec', 'Vlodimir_von_Everec', 'Aldona_Lamch', 'Catriona_plague', 'Outskirts_Inn', ""Shani's_house"", 'Merchant_Street', ""Prophet_Lebioda's_signet_ring"", 'The_Witcher_journal', 'The_Witcher_2_journal', 'Chapters', 'Chapters', 'Chapters']",Human,,Redanian
113,113.0,113.0,Sirvat,"['Geralt_of_Rivia', 'The_Toad_Prince', 'Human', 'Prince', 'Ofir', 'Nibras', 'Maliq', 'Nibras', 'prince', 'Ofir', 'Redania', 'Geralt_of_Rivia', 'Northern_Kingdoms', 'Continent', 'Olgierd_von_Everec', 'Oxenfurt_sewers', 'Royal_Redanian_Army', 'witcher', 'Iris_von_Everec', 'The_Toad_Prince', 'Iris_von_Everec']",Human,,Ofiri
114,114.0,114.0,Stranger,"['Human', ""The_Borsodi_Brothers'_Auction_House"", 'Geralt_of_Rivia', 'witcher', 'Horst_Borsodi', 'Maximilian_Borsodi', 'Olgierd_von_Everec', 'Ewald_Borsodi']",Human,,
115,115.0,115.0,The_Black_Cat_and_Dog,"['Iris_von_Everec', 'Demon', 'Iris_von_Everec', 'Olgierd_von_Everec', 'Scenes_From_a_Marriage', 'Demon', 'Geralt_of_Rivia', 'Von_Everec_Estate']",Demon,,
116,116.0,116.0,Thunder_(Fallen_Knight),"['Human', 'Fallen_Knight', 'Fallen_Knight', 'Order_of_the_Flaming_Rose', 'Fisstech', 'Ulrich', 'Deadwight_Wood', 'Peter_Nayhaer', 'Rose_on_a_Red_Field', ""From_Ofier's_Distant_Shores""]",Human,,
117,117.0,117.0,Tuur,"['Human', 'Fallen_Knight', 'Fallen_Knight', ""Fette_de'Amin"", 'Robbe', ""From_Ofier's_Distant_Shores"", 'Ulrich', 'Boots_diagram_-_untranslated']",Human,,
118,118.0,118.0,Ulrich,"['Order_of_the_Flaming_Rose', 'Fallen_Knight', 'Grand_Master', 'Human', ""Master_Urlich's_orders"", 'Geralt_of_Rivia', 'Jacques_de_Aldersberg', 'Grandmaster', 'Fallen_Knight', 'Order_of_the_Flaming_Rose', 'Radovid_V', 'Third_Northern_War', 'witch_hunter', 'fisstech', 'Redania', 'Rose_on_a_Red_Field', 'witcher', ""From_Ofier's_Distant_Shores"", 'Rose_on_a_Red_Field', 'Geralt_of_Rivia']",Human,,
119,119.0,119.0,Ungus,"['Human', 'Redanian_Free_Company', 'Redanian_Free_Company', 'Olgierd_von_Everec', 'Garin_Estate', 'Zorin', ""Evil's_Soft_First_Touches"", 'Geralt_of_Rivia']",Human,,
120,120.0,120.0,Vatslav,"['Lance_corporal', 'Human', 'Soldier', 'Royal_Redanian_Army', ""Borsodi_Brothers'_Auction_House"", 'soldier', ""Borsodi_Brothers'_Auction_House"", 'Kleiner', 'Gaude_Mater_Redania', 'Royal_Redanian_Army']",Human,Soldier,Redanian
121,121.0,121.0,Vern_Pallack,"['Human', 'Captain', 'Royal_Redanian_Army', 'Redanian_Army_orders', 'captain', 'Royal_Redanian_Army', 'Shani', 'Dorian', 'Oxenfurt_sewers', ""Evil's_Soft_First_Touches"", 'The_Toad_Prince', 'Frog_prince', 'Geralt_of_Rivia']",Human,,Redanian
122,122.0,122.0,Verner,"['Human', 'Mercenary', ""Aamad's_squad"", 'Letter_from_an_Ofieri_merchant', 'Aedirn', 'mercenary', 'mage', 'Aamad', 'Oxenfurt', 'Phelippe_Calagrande', 'witcher', 'Novigrad', ""Evil's_Soft_First_Touches"", 'Geralt_of_Rivia', 'Ofir', ""Aamad's_squad"", 'The_Toad_Prince', 'Oxenfurt_sewers', 'Geralt_of_Rivia']",Human,Mercenary,Aedirnian
123,123.0,123.0,Vimme_Vivaldi,"['Dwarf', 'Bank', 'Vivaldi_Bank', 'Novigrad', 'Vivaldi_family', 'Golan_Vivaldi', 'Igor_Vivaldi', 'bank', 'Novigrad', 'halfling', 'Dainty_Biberveldt', 'Golan_Vivaldi', 'witcher', 'Vivaldi_Bank', 'Hierarch_Square', 'gwent', 'oren', 'crown', 'floren', 'King', 'Temeria', 'The_Taxman_Cometh', 'Dwarf', 'Geralt_of_Rivia', 'Currency', 'Dezmod', 'Giancardi_family', 'Vivaldi_family', 'Cianfanelli_family', 'Northern_Kingdoms']",Dwarf,Bank,
124,124.0,124.0,Vlodimir_von_Everec,"['Human', 'Redanian_Free_Company', 'House_of_Everec', 'Kristina_von_Everec', 'Bohumil_von_Everec', 'Olgierd_von_Everec', 'Redanian_Free_Company', 'Olgierd_von_Everec', 'Premethine_Shakeslock', ""Gaunter_O'Dimm"", 'Geralt_of_Rivia', 'Shani', ""Dead_Man's_Party"", 'Draken_Hollow_Outpost', 'monster_nest', 'House_of_Everec', 'Kristina_von_Everec', 'Bohumil_von_Everec', 'Von_Everec_Estate', ""Vlodimir's_letter_to_Olgierd"", ""Vlodimir's_letter_to_Olgierd""]",Human,,redanian
125,125.0,125.0,Walthemor_Mitty,"['Human', 'Dorian', 'Temeria', 'witcher', 'The_Taxman_Cometh', 'Geralt_of_Rivia']",Human,,Temerian
126,126.0,126.0,Yaromir_Ivanovitz_Zaytsev,"['Vimme_Vivaldi', 'witcher', 'van_Rogh', 'Avid_Collector', 'Dwarf', 'Geralt_of_Rivia', 'Starry_Night_Over_the_Pontar']",,,Redanian
127,127.0,127.0,Zorin,"['Human', 'Redanian_Free_Company', 'Redanian_Free_Company', ""Evil's_Soft_First_Touches"", 'Olgierd_von_Everec']",Human,,
