,Name
0,Alp
1,Alpha_Garkain
2,Arachnomorph
3,Archespore
4,Balbina_the_Goose
5,Banshee
6,Barghest
7,Big_Bad_Wolf
8,Billy_Goat
9,Bruxa
10,Cloud_Giant
11,Crow
12,Daphne's_Wraith
13,Dracolizard
14,Fleder
15,Garkain
16,Giant
17,Giant_centipede
18,Golyat
19,Grigg
20,Grottore
21,Kikimore
22,Kikimore_warrior
23,Kikimore_worker
24,Longlocks
25,Moreau's_Golem
26,Pale_Widow
27,Panther
28,Peacock
29,Phantom_of_the_Amphitheater
30,Pheasant
31,Pixies
32,Protofleder
33,Scurver
34,Shaelmaar
35,Shaelmaar_from_the_Emperor_of_Nilfgaard
36,Silver_Basilisk
37,Slyzard_Matriarch
38,Spotted_wight
39,Spriggan
40,The_Beast_of_Beauclair
41,The_Bruxa_of_Corvo_Bianco
42,The_Monster_of_Tufo
43,Three_Bears
44,Three_Little_Pigs
45,Umbra
46,Unicorn_(creature)
47,Vizima_Dragon
48,Wicked_Witch
49,Wight_(creature)
50,Wolpertinger
